Timestamp,Open,High,Low,Close,Volume
2024-02-01 09:30:00,100.54,102.39,98.46,102.16,4521
2024-02-01 09:35:00,102.16,104.96,99.20,101.69,2913
2024-02-01 09:40:00,101.69,104.32,100.14,101.36,3354
2024-02-01 09:45:00,101.36,103.60,100.06,100.50,1113
2024-02-01 09:50:00,100.50,103.14,98.18,99.48,2856
2024-02-01 09:55:00,99.48,101.52,97.34,97.67,3391
2024-02-01 10:00:00,97.67,100.52,96.36,99.91,1611
2024-02-01 10:05:00,99.91,102.08,98.74,100.41,4527
2024-02-01 10:10:00,100.41,103.25,99.19,102.76,1082
2024-02-01 10:15:00,102.76,104.16,99.86,103.63,1795
2024-02-01 10:20:00,103.63,105.15,102.62,103.33,2477
2024-02-01 10:25:00,103.33,105.44,101.75,104.34,2960
2024-02-01 10:30:00,104.34,107.09,102.82,103.57,2150
2024-02-01 10:35:00,103.57,104.66,100.68,100.84,2360
2024-02-01 10:40:00,100.84,102.10,98.63,101.45,3614
2024-02-01 10:45:00,101.45,103.09,98.64,101.15,1238
2024-02-01 10:50:00,101.15,103.94,98.50,101.55,3124
2024-02-01 10:55:00,101.55,104.40,100.38,102.79,2032
2024-02-01 11:00:00,102.79,105.78,100.31,104.02,4852
2024-02-01 11:05:00,104.02,106.07,102.62,103.21,3014
2024-02-01 11:10:00,103.21,105.72,101.69,103.47,4621
2024-02-01 11:15:00,103.47,106.16,100.84,102.05,2908
2024-02-01 11:20:00,102.05,103.30,100.36,100.80,2265
2024-02-01 11:25:00,100.80,102.23,98.48,100.83,3796
2024-02-01 11:30:00,100.83,102.68,99.12,100.19,1612
2024-02-01 11:35:00,100.19,101.23,98.05,100.89,3433
2024-02-01 11:40:00,100.89,103.68,98.26,102.02,2936
2024-02-01 11:45:00,102.02,104.22,99.94,101.37,1572
2024-02-01 11:50:00,101.37,103.50,99.92,101.50,3619
2024-02-01 11:55:00,101.50,104.24,99.54,101.36,4746
2024-02-01 12:00:00,101.36,103.17,99.23,100.85,2265
2024-02-01 12:05:00,100.85,102.89,99.45,99.94,3595
2024-02-01 12:10:00,99.94,102.34,97.20,100.24,4462
2024-02-01 12:15:00,100.24,102.02,99.00,101.10,2753
2024-02-01 12:20:00,101.10,103.16,99.63,101.66,2377
2024-02-01 12:25:00,101.66,102.87,100.33,101.42,2059
2024-02-01 12:30:00,101.42,103.07,99.76,101.41,4404
2024-02-01 12:35:00,101.41,103.77,98.90,103.22,2054
2024-02-01 12:40:00,103.22,106.01,101.96,102.41,1525
2024-02-01 12:45:00,102.41,105.26,100.72,104.34,1219
2024-02-01 12:50:00,104.34,106.85,101.37,103.60,3977
2024-02-01 12:55:00,103.60,105.63,101.54,103.02,3570
2024-02-01 13:00:00,103.02,104.55,101.48,102.44,3332
2024-02-01 13:05:00,102.44,104.12,100.68,100.82,3227
2024-02-01 13:10:00,100.82,102.96,98.56,98.60,2129
2024-02-01 13:15:00,98.60,101.27,95.89,96.66,4367
2024-02-01 13:20:00,96.66,98.07,94.16,95.34,3414
2024-02-01 13:25:00,95.34,96.71,92.57,94.97,1687
2024-02-01 13:30:00,94.97,97.75,93.64,95.25,2973
2024-02-01 13:35:00,95.25,97.67,92.90,96.22,4100
2024-02-01 13:40:00,96.22,98.42,94.17,97.57,2282
2024-02-01 13:45:00,97.57,99.02,95.36,98.17,1384
2024-02-01 13:50:00,98.17,100.14,95.22,100.10,1316
2024-02-01 13:55:00,100.10,102.33,97.75,99.71,3426
2024-02-01 14:00:00,99.71,100.74,97.74,99.00,1492
2024-02-01 14:05:00,99.00,100.12,97.58,98.00,1133
2024-02-01 14:10:00,98.00,100.85,96.75,97.70,4457
2024-02-01 14:15:00,97.70,99.46,94.81,98.89,1884
2024-02-01 14:20:00,98.89,100.93,97.35,98.74,3166
2024-02-01 14:25:00,98.74,100.31,97.65,98.46,1234
2024-02-01 14:30:00,98.46,101.37,96.41,99.77,1507
2024-02-01 14:35:00,99.77,101.02,98.13,98.22,3263
2024-02-01 14:40:00,98.22,100.98,95.89,100.10,1928
2024-02-01 14:45:00,100.10,101.30,97.79,98.07,1493
2024-02-01 14:50:00,98.07,100.98,96.23,96.77,1587
2024-02-01 14:55:00,96.77,98.56,95.40,98.14,1605
2024-02-01 15:00:00,98.14,100.62,97.07,97.86,1850
2024-02-01 15:05:00,97.86,100.57,95.20,100.49,3826
2024-02-01 15:10:00,100.49,103.20,98.73,101.97,2316
2024-02-01 15:15:00,101.97,104.36,99.45,103.39,2406
2024-02-01 15:20:00,103.39,105.73,101.74,102.43,3411
2024-02-01 15:25:00,102.43,104.17,99.76,102.50,4872
2024-02-01 15:30:00,102.50,105.06,100.39,103.63,2579
2024-02-01 15:35:00,103.63,106.07,102.45,102.92,3037
2024-02-01 15:40:00,102.92,105.25,100.78,104.83,2616
2024-02-01 15:45:00,104.83,107.63,102.75,106.16,4426
2024-02-01 15:50:00,106.16,108.98,103.92,108.35,3238
2024-02-01 15:55:00,108.35,111.03,105.97,109.05,2271
2024-02-01 16:00:00,109.05,110.78,106.57,107.59,3376
2024-02-01 16:05:00,107.59,109.42,105.57,107.48,1643
2024-02-01 16:10:00,107.48,109.06,104.97,107.64,4531
2024-02-01 16:15:00,107.64,110.09,106.05,106.74,2493
2024-02-01 16:20:00,106.74,109.65,104.49,109.48,1183
2024-02-01 16:25:00,109.48,110.57,106.93,109.86,1222
2024-02-01 16:30:00,109.86,111.64,108.24,108.93,3519
2024-02-01 16:35:00,108.93,111.37,106.65,107.67,3597
2024-02-01 16:40:00,107.67,109.47,106.08,107.95,1486
2024-02-01 16:45:00,107.95,109.40,106.79,108.70,4965
2024-02-01 16:50:00,108.70,110.01,105.77,106.90,1325
2024-02-01 16:55:00,106.90,109.73,105.80,107.82,1028
2024-02-01 17:00:00,107.82,109.14,106.12,108.21,3345
2024-02-01 17:05:00,108.21,109.36,106.05,109.00,1998
2024-02-01 17:10:00,109.00,111.65,107.32,109.04,3582
2024-02-01 17:15:00,109.04,111.65,106.46,110.80,2545
2024-02-01 17:20:00,110.80,112.20,108.75,109.87,1012
2024-02-01 17:25:00,109.87,111.82,107.13,110.09,4436
2024-02-01 17:30:00,110.09,111.60,109.01,110.77,3780
2024-02-01 17:35:00,110.77,113.74,108.52,113.13,3199
2024-02-01 17:40:00,113.13,115.65,111.93,112.43,2718
2024-02-01 17:45:00,112.43,115.37,110.40,110.51,4932
2024-02-01 17:50:00,110.51,112.49,107.57,108.34,2745
2024-02-01 17:55:00,108.34,110.39,106.03,109.45,4117
2024-02-01 18:00:00,109.45,110.48,106.45,107.00,2386
2024-02-01 18:05:00,107.00,108.09,105.21,106.54,3839
2024-02-01 18:10:00,106.54,107.86,104.39,105.37,2997
2024-02-01 18:15:00,105.37,108.03,103.28,107.87,2232
2024-02-01 18:20:00,107.87,109.20,106.79,107.15,3057
2024-02-01 18:25:00,107.15,108.39,104.94,105.53,4585
2024-02-01 18:30:00,105.53,106.99,103.72,105.86,2986
2024-02-01 18:35:00,105.86,108.37,102.95,105.59,2138
2024-02-01 18:40:00,105.59,107.31,103.87,107.08,2682
2024-02-01 18:45:00,107.08,109.09,105.32,106.22,4396
2024-02-01 18:50:00,106.22,108.01,105.06,105.46,3802
2024-02-01 18:55:00,105.46,106.55,103.96,105.78,2827
2024-02-01 19:00:00,105.78,108.13,103.75,105.88,4392
2024-02-01 19:05:00,105.88,107.40,104.17,106.53,4710
2024-02-01 19:10:00,106.53,109.08,103.66,104.54,3376
2024-02-01 19:15:00,104.54,106.60,102.36,104.25,3932
2024-02-01 19:20:00,104.25,107.04,102.85,105.69,1556
2024-02-01 19:25:00,105.69,107.11,104.24,105.02,4077
2024-02-01 19:30:00,105.02,107.88,102.93,103.00,3462
2024-02-01 19:35:00,103.00,104.96,100.07,100.18,2566
2024-02-01 19:40:00,100.18,103.05,98.44,100.60,1235
2024-02-01 19:45:00,100.60,102.74,98.31,101.60,1333
2024-02-01 19:50:00,101.60,104.59,98.98,103.69,4544
2024-02-01 19:55:00,103.69,106.63,100.90,104.46,3664
2024-02-01 20:00:00,104.46,105.48,102.22,103.28,1918
2024-02-01 20:05:00,103.28,105.12,101.00,103.85,1019
2024-02-01 20:10:00,103.85,106.57,102.03,104.64,1142
2024-02-01 20:15:00,104.64,106.30,103.11,104.61,1407
2024-02-01 20:20:00,104.61,106.34,101.96,103.95,2684
2024-02-01 20:25:00,103.95,106.26,101.03,103.39,2890
2024-02-01 20:30:00,103.39,105.99,101.40,102.94,3003
2024-02-01 20:35:00,102.94,104.32,100.03,100.75,3527
2024-02-01 20:40:00,100.75,102.44,99.33,101.59,1471
2024-02-01 20:45:00,101.59,104.12,100.38,101.17,3092
2024-02-01 20:50:00,101.17,103.85,99.06,102.40,3905
2024-02-01 20:55:00,102.40,105.30,99.91,103.15,1999
2024-02-01 21:00:00,103.15,104.27,101.39,102.47,4646
2024-02-01 21:05:00,102.47,104.19,99.48,100.84,1197
2024-02-01 21:10:00,100.84,103.67,98.00,99.00,4441
2024-02-01 21:15:00,99.00,101.96,97.48,99.81,1236
2024-02-01 21:20:00,99.81,101.04,97.67,99.79,2704
2024-02-01 21:25:00,99.79,101.51,98.38,98.88,3174
2024-02-01 21:30:00,98.88,99.97,96.36,99.87,2218
2024-02-01 21:35:00,99.87,101.59,97.94,99.28,1538
2024-02-01 21:40:00,99.28,102.04,96.60,99.00,2677
2024-02-01 21:45:00,99.00,100.19,97.10,97.54,3751
2024-02-01 21:50:00,97.54,99.72,95.56,96.70,4320
2024-02-01 21:55:00,96.70,99.03,95.02,98.01,1998
2024-02-01 22:00:00,98.01,99.53,95.63,98.62,3472
2024-02-01 22:05:00,98.62,101.51,95.69,96.43,1216
2024-02-01 22:10:00,96.43,98.70,93.57,96.82,3926
2024-02-01 22:15:00,96.82,98.78,94.02,98.24,1227
2024-02-01 22:20:00,98.24,100.91,96.99,98.69,2388
2024-02-01 22:25:00,98.69,101.25,96.46,97.40,3854
2024-02-01 22:30:00,97.40,98.89,96.34,98.67,2422
2024-02-01 22:35:00,98.67,101.64,96.47,100.45,4246
2024-02-01 22:40:00,100.45,101.90,99.42,100.86,4178
2024-02-01 22:45:00,100.86,103.28,98.77,102.59,3178
2024-02-01 22:50:00,102.59,104.23,100.63,102.71,4529
2024-02-01 22:55:00,102.71,104.43,100.80,102.59,3113
2024-02-01 23:00:00,102.59,104.65,100.75,101.54,1299
2024-02-01 23:05:00,101.54,103.07,99.48,100.58,3774
2024-02-01 23:10:00,100.58,102.51,98.34,98.55,4378
2024-02-01 23:15:00,98.55,101.22,96.19,96.48,1287
2024-02-01 23:20:00,96.48,97.56,95.05,95.33,1511
2024-02-01 23:25:00,95.33,96.99,94.29,96.73,1467
2024-02-01 23:30:00,96.73,97.95,95.71,97.91,4573
2024-02-01 23:35:00,97.91,100.10,95.26,98.51,1923
2024-02-01 23:40:00,98.51,99.71,96.20,97.63,3286
2024-02-01 23:45:00,97.63,99.39,95.84,98.60,4530
2024-02-01 23:50:00,98.60,101.48,96.27,99.10,4917
2024-02-01 23:55:00,99.10,100.57,96.64,97.42,1552
2024-02-02 00:00:00,97.42,100.06,94.95,98.51,1387
2024-02-02 00:05:00,98.51,101.00,97.13,99.73,2639
2024-02-02 00:10:00,99.73,101.61,96.88,100.50,3190
2024-02-02 00:15:00,100.50,101.55,98.56,99.65,4017
2024-02-02 00:20:00,99.65,102.16,97.57,99.41,3507
2024-02-02 00:25:00,99.41,100.47,97.46,99.72,1995
2024-02-02 00:30:00,99.72,101.03,97.09,98.03,3135
2024-02-02 00:35:00,98.03,99.90,95.59,96.29,3948
2024-02-02 00:40:00,96.29,98.51,94.42,96.93,4311
2024-02-02 00:45:00,96.93,99.38,94.56,95.86,3822
2024-02-02 00:50:00,95.86,97.80,94.21,96.08,1904
2024-02-02 00:55:00,96.08,97.78,94.23,96.55,1372
2024-02-02 01:00:00,96.55,97.61,94.33,95.73,1720
2024-02-02 01:05:00,95.73,97.45,93.04,97.33,4968
2024-02-02 01:10:00,97.33,99.58,96.01,97.24,1909
2024-02-02 01:15:00,97.24,99.81,96.12,99.51,3388
2024-02-02 01:20:00,99.51,101.99,96.89,101.18,3531
2024-02-02 01:25:00,101.18,102.67,98.77,99.70,1872
2024-02-02 01:30:00,99.70,102.22,97.83,101.91,3996
2024-02-02 01:35:00,101.91,104.16,99.67,100.54,2245
2024-02-02 01:40:00,100.54,102.01,97.65,101.01,3287
2024-02-02 01:45:00,101.01,102.52,98.61,98.91,3027
2024-02-02 01:50:00,98.91,100.91,96.11,98.13,4435
2024-02-02 01:55:00,98.13,99.20,96.68,98.37,3842
2024-02-02 02:00:00,98.37,101.27,96.02,97.41,3604
2024-02-02 02:05:00,97.41,99.02,94.81,95.50,1159
2024-02-02 02:10:00,95.50,96.70,94.22,95.78,1805
2024-02-02 02:15:00,95.78,97.43,93.82,94.05,1842
2024-02-02 02:20:00,94.05,95.77,91.37,94.84,3348
2024-02-02 02:25:00,94.84,96.23,92.52,94.89,3853
2024-02-02 02:30:00,94.89,96.57,93.50,94.28,4999
2024-02-02 02:35:00,94.28,95.84,91.41,91.65,1017
2024-02-02 02:40:00,91.65,93.77,89.96,90.79,3882
2024-02-02 02:45:00,90.79,92.40,87.95,91.59,2148
2024-02-02 02:50:00,91.59,92.63,89.62,91.78,4587
2024-02-02 02:55:00,91.78,93.89,89.87,92.97,3638
2024-02-02 03:00:00,92.97,95.87,91.26,94.31,3072
2024-02-02 03:05:00,94.31,97.29,92.82,94.38,1429
2024-02-02 03:10:00,94.38,96.64,93.06,94.75,3420
2024-02-02 03:15:00,94.75,97.35,92.60,92.88,4125
2024-02-02 03:20:00,92.88,95.23,91.26,92.17,2284
2024-02-02 03:25:00,92.17,93.95,89.84,92.17,2958
2024-02-02 03:30:00,92.17,93.97,89.84,91.38,1803
2024-02-02 03:35:00,91.38,93.10,88.44,91.50,4284
2024-02-02 03:40:00,91.50,92.58,88.95,89.72,2333
2024-02-02 03:45:00,89.72,92.00,87.66,90.07,2795
2024-02-02 03:50:00,90.07,91.29,88.04,90.17,3565
2024-02-02 03:55:00,90.17,92.70,88.18,89.71,3162
2024-02-02 04:00:00,89.71,90.84,87.97,88.10,4905
2024-02-02 04:05:00,88.10,89.78,86.29,87.87,2668
2024-02-02 04:10:00,87.87,89.42,85.52,88.18,1018
2024-02-02 04:15:00,88.18,91.13,86.16,90.40,2316
2024-02-02 04:20:00,90.40,92.06,89.17,91.62,1052
2024-02-02 04:25:00,91.62,93.06,88.75,92.00,4006
2024-02-02 04:30:00,92.00,93.96,90.87,93.75,2042
2024-02-02 04:35:00,93.75,95.13,91.63,92.66,3845
2024-02-02 04:40:00,92.66,94.53,91.28,92.52,2025
2024-02-02 04:45:00,92.52,95.51,89.71,94.87,4483
2024-02-02 04:50:00,94.87,96.64,93.82,93.86,4786
2024-02-02 04:55:00,93.86,96.80,91.06,93.11,4263
2024-02-02 05:00:00,93.11,96.00,90.70,95.97,2110
2024-02-02 05:05:00,95.97,97.93,93.47,94.93,3712
2024-02-02 05:10:00,94.93,97.58,92.36,96.46,1112
2024-02-02 05:15:00,96.46,97.65,94.48,96.74,2530
2024-02-02 05:20:00,96.74,97.96,95.50,96.47,4742
2024-02-02 05:25:00,96.47,98.38,93.49,93.95,3032
2024-02-02 05:30:00,93.95,95.92,92.01,93.90,2109
2024-02-02 05:35:00,93.90,96.69,92.54,95.09,1505
2024-02-02 05:40:00,95.09,96.60,93.62,96.23,1331
2024-02-02 05:45:00,96.23,97.79,93.94,94.33,2680
2024-02-02 05:50:00,94.33,97.05,91.96,94.08,2043
2024-02-02 05:55:00,94.08,96.58,91.75,94.30,3666
2024-02-02 06:00:00,94.30,96.42,93.27,93.64,4952
2024-02-02 06:05:00,93.64,95.86,91.44,95.60,4783
2024-02-02 06:10:00,95.60,96.87,92.63,96.01,4262
2024-02-02 06:15:00,96.01,98.81,94.85,98.54,4440
2024-02-02 06:20:00,98.54,99.90,97.30,97.84,2629
2024-02-02 06:25:00,97.84,100.01,96.19,98.95,2796
2024-02-02 06:30:00,98.95,100.59,96.38,99.83,1681
2024-02-02 06:35:00,99.83,101.50,98.54,99.74,1597
2024-02-02 06:40:00,99.74,100.78,98.67,100.28,1520
2024-02-02 06:45:00,100.28,102.90,97.53,101.92,4130
2024-02-02 06:50:00,101.92,103.73,99.28,103.38,3171
2024-02-02 06:55:00,103.38,105.53,101.95,102.25,2384
2024-02-02 07:00:00,102.25,104.53,100.45,102.36,2986
2024-02-02 07:05:00,102.36,104.13,100.61,101.54,2144
2024-02-02 07:10:00,101.54,102.78,98.86,102.35,2080
2024-02-02 07:15:00,102.35,104.91,100.87,103.69,4294
2024-02-02 07:20:00,103.69,105.74,101.42,101.54,4401
2024-02-02 07:25:00,101.54,103.69,98.69,99.04,4506
2024-02-02 07:30:00,99.04,101.64,98.03,101.31,4756
2024-02-02 07:35:00,101.31,102.54,99.66,101.13,2471
2024-02-02 07:40:00,101.13,102.99,99.89,102.54,4685
2024-02-02 07:45:00,102.54,104.06,101.12,103.91,4484
2024-02-02 07:50:00,103.91,106.39,102.10,102.49,2673
2024-02-02 07:55:00,102.49,104.62,100.84,103.04,1471
2024-02-02 08:00:00,103.04,105.26,100.62,104.43,1569
2024-02-02 08:05:00,104.43,107.02,102.09,104.22,1787
2024-02-02 08:10:00,104.22,105.42,101.92,104.47,2429
2024-02-02 08:15:00,104.47,107.36,101.98,102.48,1824
2024-02-02 08:20:00,102.48,103.89,100.69,102.47,1250
2024-02-02 08:25:00,102.47,104.88,100.48,103.18,1916
2024-02-02 08:30:00,103.18,105.35,100.88,104.82,4664
2024-02-02 08:35:00,104.82,106.24,102.59,103.27,2452
2024-02-02 08:40:00,103.27,105.82,101.96,103.08,1780
2024-02-02 08:45:00,103.08,105.80,101.50,102.82,3759
2024-02-02 08:50:00,102.82,104.23,100.43,100.94,1677
2024-02-02 08:55:00,100.94,103.10,98.62,102.93,1021
2024-02-02 09:00:00,102.93,104.55,101.26,104.44,2218
2024-02-02 09:05:00,104.44,106.61,101.45,106.53,4821
2024-02-02 09:10:00,106.53,107.90,104.87,106.82,2246
2024-02-02 09:15:00,106.82,109.27,105.37,107.17,3012
2024-02-02 09:20:00,107.17,109.99,106.09,106.11,1646
2024-02-02 09:25:00,106.11,108.97,103.66,106.98,3584
2024-02-02 09:30:00,106.98,108.60,104.64,107.10,4602
2024-02-02 09:35:00,107.10,108.91,105.37,107.88,2164
2024-02-02 09:40:00,107.88,109.98,104.97,109.27,3045
2024-02-02 09:45:00,109.27,111.08,106.45,107.11,3682
2024-02-02 09:50:00,107.11,109.42,105.41,105.98,2644
2024-02-02 09:55:00,105.98,108.63,104.24,108.35,2928
2024-02-02 10:00:00,108.35,110.61,105.70,105.87,3455
2024-02-02 10:05:00,105.87,107.58,103.67,104.90,4312
2024-02-02 10:10:00,104.90,106.81,103.32,106.65,3560
2024-02-02 10:15:00,106.65,108.34,104.25,106.44,3558
2024-02-02 10:20:00,106.44,108.16,104.00,107.04,2439
2024-02-02 10:25:00,107.04,109.12,104.92,105.48,4178
2024-02-02 10:30:00,105.48,107.33,104.26,105.43,3444
2024-02-02 10:35:00,105.43,107.29,102.50,106.66,3011
2024-02-02 10:40:00,106.66,108.00,105.09,106.83,4931
2024-02-02 10:45:00,106.83,109.66,105.01,107.45,1113
2024-02-02 10:50:00,107.45,108.77,104.58,105.83,3267
2024-02-02 10:55:00,105.83,107.61,103.42,107.33,3429
2024-02-02 11:00:00,107.33,109.45,105.12,109.07,1384
2024-02-02 11:05:00,109.07,110.88,107.79,108.11,2729
2024-02-02 11:10:00,108.11,109.74,107.03,107.66,2060
2024-02-02 11:15:00,107.66,109.67,104.95,107.78,2193
2024-02-02 11:20:00,107.78,110.72,106.20,109.05,3415
2024-02-02 11:25:00,109.05,110.82,106.65,110.70,3583
2024-02-02 11:30:00,110.70,113.61,109.24,112.56,1220
2024-02-02 11:35:00,112.56,113.60,111.53,113.53,1657
2024-02-02 11:40:00,113.53,114.80,111.45,113.09,3539
2024-02-02 11:45:00,113.09,114.20,111.32,112.93,1280
2024-02-02 11:50:00,112.93,114.68,111.19,112.82,1827
2024-02-02 11:55:00,112.82,114.96,111.36,113.28,3679
2024-02-02 12:00:00,113.28,116.19,112.04,113.10,2745
2024-02-02 12:05:00,113.10,114.19,110.97,111.88,1746
2024-02-02 12:10:00,111.88,113.70,109.09,109.69,3593
2024-02-02 12:15:00,109.69,111.27,107.14,109.55,2263
2024-02-02 12:20:00,109.55,110.89,108.05,108.82,1995
2024-02-02 12:25:00,108.82,110.41,107.72,110.02,1874
2024-02-02 12:30:00,110.02,112.25,107.18,108.60,4085
2024-02-02 12:35:00,108.60,109.98,107.56,108.60,2486
2024-02-02 12:40:00,108.60,111.57,106.10,109.89,3651
2024-02-02 12:45:00,109.89,111.52,108.49,110.51,2724
2024-02-02 12:50:00,110.51,111.70,108.12,109.73,1419
2024-02-02 12:55:00,109.73,111.97,108.58,108.81,3169
2024-02-02 13:00:00,108.81,110.78,107.30,108.49,4522
2024-02-02 13:05:00,108.49,109.63,106.62,108.98,1680
2024-02-02 13:10:00,108.98,110.66,106.18,107.16,1290
2024-02-02 13:15:00,107.16,109.58,105.72,109.44,3534
2024-02-02 13:20:00,109.44,111.38,107.47,110.71,2279
2024-02-02 13:25:00,110.71,112.72,108.81,112.33,1571
2024-02-02 13:30:00,112.33,113.64,109.48,109.98,2738
2024-02-02 13:35:00,109.98,111.29,108.45,108.99,2010
2024-02-02 13:40:00,108.99,110.80,106.62,110.20,1853
2024-02-02 13:45:00,110.20,113.16,108.16,111.98,4839
2024-02-02 13:50:00,111.98,114.95,110.58,110.78,4546
2024-02-02 13:55:00,110.78,113.34,109.31,112.67,1176
2024-02-02 14:00:00,112.67,115.45,110.59,114.65,3866
2024-02-02 14:05:00,114.65,117.63,112.03,117.13,2419
2024-02-02 14:10:00,117.13,119.56,115.68,118.41,3557
2024-02-02 14:15:00,118.41,119.56,117.15,118.31,4411
2024-02-02 14:20:00,118.31,120.79,115.85,117.31,1446
2024-02-02 14:25:00,117.31,118.66,114.98,115.43,1384
2024-02-02 14:30:00,115.43,118.13,113.62,116.76,2694
2024-02-02 14:35:00,116.76,117.93,115.54,116.09,3377
2024-02-02 14:40:00,116.09,118.96,113.16,116.21,3034
2024-02-02 14:45:00,116.21,117.88,113.70,114.32,4172
2024-02-02 14:50:00,114.32,116.26,112.61,112.86,2278
2024-02-02 14:55:00,112.86,113.92,111.58,113.31,2618
2024-02-02 15:00:00,113.31,116.28,111.17,111.31,2484
2024-02-02 15:05:00,111.31,113.23,108.74,108.88,2670
2024-02-02 15:10:00,108.88,110.47,107.64,109.06,3801
2024-02-02 15:15:00,109.06,111.67,106.07,109.37,4907
2024-02-02 15:20:00,109.37,110.41,106.51,108.83,4640
2024-02-02 15:25:00,108.83,110.48,106.42,110.15,2127
2024-02-02 15:30:00,110.15,112.78,108.34,111.37,1115
2024-02-02 15:35:00,111.37,114.21,109.41,110.82,4564
2024-02-02 15:40:00,110.82,112.54,109.75,112.35,3087
2024-02-02 15:45:00,112.35,114.57,110.43,110.56,2037
2024-02-02 15:50:00,110.56,112.66,109.34,110.92,1289
2024-02-02 15:55:00,110.92,112.99,109.29,110.42,4155
2024-02-02 16:00:00,110.42,112.08,107.66,109.20,1758
2024-02-02 16:05:00,109.20,110.21,106.77,110.17,2402
2024-02-02 16:10:00,110.17,111.67,107.40,110.23,3098
2024-02-02 16:15:00,110.23,111.51,107.65,108.90,2193
2024-02-02 16:20:00,108.90,110.44,106.89,109.28,3348
2024-02-02 16:25:00,109.28,110.83,107.11,110.82,4419
2024-02-02 16:30:00,110.82,113.78,109.74,110.51,1012
2024-02-02 16:35:00,110.51,112.60,108.89,112.16,4342
2024-02-02 16:40:00,112.16,113.88,110.08,111.58,3204
2024-02-02 16:45:00,111.58,113.17,108.92,112.25,4716
2024-02-02 16:50:00,112.25,113.69,109.36,111.76,3138
2024-02-02 16:55:00,111.76,113.51,109.71,112.20,2792
2024-02-02 17:00:00,112.20,113.87,111.04,113.67,4028
2024-02-02 17:05:00,113.67,116.64,111.11,111.15,4094
2024-02-02 17:10:00,111.15,114.03,109.90,111.84,2091
2024-02-02 17:15:00,111.84,113.12,108.95,111.92,3426
2024-02-02 17:20:00,111.92,113.18,109.02,111.47,1688
2024-02-02 17:25:00,111.47,112.68,108.91,109.60,1046
2024-02-02 17:30:00,109.60,112.37,108.27,109.43,4041
2024-02-02 17:35:00,109.43,111.29,107.54,109.99,4003
2024-02-02 17:40:00,109.99,111.67,107.49,108.19,4310
2024-02-02 17:45:00,108.19,110.20,105.94,106.90,2885
2024-02-02 17:50:00,106.90,109.66,104.39,109.60,1769
2024-02-02 17:55:00,109.60,110.62,107.02,107.58,3536
2024-02-02 18:00:00,107.58,109.28,105.47,107.11,2929
2024-02-02 18:05:00,107.11,109.74,104.82,106.61,4547
2024-02-02 18:10:00,106.61,109.43,103.63,103.73,2235
2024-02-02 18:15:00,103.73,104.90,101.06,101.46,4810
2024-02-02 18:20:00,101.46,102.72,100.17,102.26,2653
2024-02-02 18:25:00,102.26,103.39,100.37,102.77,1286
2024-02-02 18:30:00,102.77,104.07,100.15,103.96,3565
2024-02-02 18:35:00,103.96,105.08,102.78,103.49,1486
2024-02-02 18:40:00,103.49,106.24,102.32,102.38,1284
2024-02-02 18:45:00,102.38,104.57,101.13,101.30,4884
2024-02-02 18:50:00,101.30,102.88,98.99,99.92,3250
2024-02-02 18:55:00,99.92,100.96,98.07,100.12,4205
2024-02-02 19:00:00,100.12,102.17,97.14,97.68,2268
2024-02-02 19:05:00,97.68,99.89,96.28,99.14,3788
2024-02-02 19:10:00,99.14,101.52,97.66,98.87,4722
2024-02-02 19:15:00,98.87,101.51,95.93,97.64,4267
2024-02-02 19:20:00,97.64,100.34,95.01,95.91,3752
2024-02-02 19:25:00,95.91,97.56,93.32,95.09,3060
2024-02-02 19:30:00,95.09,98.05,93.64,94.56,3344
2024-02-02 19:35:00,94.56,97.26,93.12,93.43,2126
2024-02-02 19:40:00,93.43,96.09,90.89,94.07,3804
2024-02-02 19:45:00,94.07,96.10,92.08,92.57,4795
2024-02-02 19:50:00,92.57,95.28,91.21,95.28,4440
2024-02-02 19:55:00,95.28,96.71,93.75,95.43,3306
2024-02-02 20:00:00,95.43,97.19,92.71,95.88,4872
2024-02-02 20:05:00,95.88,97.42,94.49,97.01,4113
2024-02-02 20:10:00,97.01,99.99,94.79,95.96,3594
2024-02-02 20:15:00,95.96,97.33,94.23,95.70,3769
2024-02-02 20:20:00,95.70,97.08,93.92,94.98,4540
2024-02-02 20:25:00,94.98,96.21,92.47,95.64,4272
2024-02-02 20:30:00,95.64,97.69,92.96,94.56,4854
2024-02-02 20:35:00,94.56,96.88,92.84,93.68,2483
2024-02-02 20:40:00,93.68,94.93,91.86,94.05,2803
2024-02-02 20:45:00,94.05,97.03,92.25,95.85,3359
2024-02-02 20:50:00,95.85,97.61,93.00,94.49,3785
2024-02-02 20:55:00,94.49,97.20,93.48,95.09,3003
2024-02-02 21:00:00,95.09,96.39,92.25,92.68,3042
2024-02-02 21:05:00,92.68,95.61,90.14,92.83,2775
2024-02-02 21:10:00,92.83,94.93,90.00,93.23,4217
2024-02-02 21:15:00,93.23,95.44,90.23,94.76,1575
2024-02-02 21:20:00,94.76,97.24,91.88,95.40,4828
2024-02-02 21:25:00,95.40,97.16,92.98,95.16,4833
2024-02-02 21:30:00,95.16,97.00,92.61,93.69,2166
2024-02-02 21:35:00,93.69,96.11,91.55,93.87,3153
2024-02-02 21:40:00,93.87,96.22,91.95,93.66,4636
2024-02-02 21:45:00,93.66,95.03,91.00,94.14,4318
2024-02-02 21:50:00,94.14,95.99,92.70,94.77,1285
2024-02-02 21:55:00,94.77,95.96,93.10,94.34,1472
2024-02-02 22:00:00,94.34,96.94,92.57,93.09,4513
2024-02-02 22:05:00,93.09,95.27,91.55,91.86,1734
2024-02-02 22:10:00,91.86,94.76,89.98,91.25,3192
2024-02-02 22:15:00,91.25,93.34,89.81,92.12,3432
2024-02-02 22:20:00,92.12,94.67,89.75,89.90,2490
2024-02-02 22:25:00,89.90,91.58,88.04,88.30,4890
2024-02-02 22:30:00,88.30,90.19,86.16,88.02,3292
2024-02-02 22:35:00,88.02,89.38,85.27,85.64,1459
2024-02-02 22:40:00,85.64,86.93,84.39,86.92,1042
2024-02-02 22:45:00,86.92,88.74,85.32,87.98,4522
2024-02-02 22:50:00,87.98,89.80,85.66,87.99,1188
2024-02-02 22:55:00,87.99,90.63,85.79,86.87,4032
2024-02-02 23:00:00,86.87,87.95,85.21,87.79,3687
2024-02-02 23:05:00,87.79,88.82,85.04,86.59,2743
2024-02-02 23:10:00,86.59,89.19,85.51,87.81,3006
2024-02-02 23:15:00,87.81,89.54,85.93,89.53,2064
2024-02-02 23:20:00,89.53,91.55,88.44,91.07,3650
2024-02-02 23:25:00,91.07,93.55,88.90,89.05,1421
2024-02-02 23:30:00,89.05,90.75,86.77,89.10,2976
2024-02-02 23:35:00,89.10,90.14,86.88,87.41,3369
2024-02-02 23:40:00,87.41,89.82,84.44,86.71,2914
2024-02-02 23:45:00,86.71,88.91,85.35,86.02,3325
2024-02-02 23:50:00,86.02,87.56,83.85,84.93,2238
2024-02-02 23:55:00,84.93,86.91,82.73,85.57,3654
2024-02-03 00:00:00,85.57,86.72,83.51,84.24,2552
2024-02-03 00:05:00,84.24,85.27,82.74,85.26,3458
2024-02-03 00:10:00,85.26,87.36,83.10,84.32,4156
2024-02-03 00:15:00,84.32,85.94,81.60,85.70,4945
2024-02-03 00:20:00,85.70,87.44,84.07,84.55,3137
2024-02-03 00:25:00,84.55,85.65,82.96,85.61,3926
2024-02-03 00:30:00,85.61,86.89,82.87,86.20,1598
2024-02-03 00:35:00,86.20,88.58,84.43,86.61,4977
2024-02-03 00:40:00,86.61,88.91,84.91,85.32,3722
2024-02-03 00:45:00,85.32,87.17,82.61,83.96,2074
2024-02-03 00:50:00,83.96,86.21,82.00,84.42,1964
2024-02-03 00:55:00,84.42,86.05,82.17,83.41,1574
2024-02-03 01:00:00,83.41,86.07,82.35,83.82,4313
2024-02-03 01:05:00,83.82,85.90,82.14,83.52,3392
2024-02-03 01:10:00,83.52,86.20,81.30,85.46,3724
2024-02-03 01:15:00,85.46,87.05,83.52,84.35,2299
2024-02-03 01:20:00,84.35,85.60,82.56,84.88,4591
2024-02-03 01:25:00,84.88,86.41,83.07,83.49,3641
2024-02-03 01:30:00,83.49,84.75,82.08,83.01,2354
2024-02-03 01:35:00,83.01,84.76,80.94,83.29,1967
2024-02-03 01:40:00,83.29,85.69,81.18,82.49,3649
2024-02-03 01:45:00,82.49,83.62,81.16,82.37,3447
2024-02-03 01:50:00,82.37,84.81,80.86,84.37,4760
2024-02-03 01:55:00,84.37,87.11,83.29,85.91,3374
2024-02-03 02:00:00,85.91,87.70,84.50,86.93,2406
2024-02-03 02:05:00,86.93,89.79,85.45,89.30,3629
2024-02-03 02:10:00,89.30,91.62,86.68,87.72,3422
2024-02-03 02:15:00,87.72,90.68,86.28,86.44,3962
2024-02-03 02:20:00,86.44,88.26,84.32,84.61,3849
2024-02-03 02:25:00,84.61,87.43,81.90,85.87,2505
2024-02-03 02:30:00,85.87,87.37,84.84,85.13,3565
2024-02-03 02:35:00,85.13,86.29,83.13,85.87,4483
2024-02-03 02:40:00,85.87,88.45,84.50,86.90,1773
2024-02-03 02:45:00,86.90,89.05,85.82,88.82,2913
2024-02-03 02:50:00,88.82,90.88,86.40,90.37,3441
2024-02-03 02:55:00,90.37,92.67,88.35,91.60,2801
2024-02-03 03:00:00,91.60,93.53,89.70,89.81,4878
2024-02-03 03:05:00,89.81,90.93,88.12,90.41,4822
2024-02-03 03:10:00,90.41,91.42,88.01,89.38,3676
2024-02-03 03:15:00,89.38,91.13,88.13,88.77,4363
2024-02-03 03:20:00,88.77,89.83,87.09,88.48,4386
2024-02-03 03:25:00,88.48,90.11,87.07,87.48,4675
2024-02-03 03:30:00,87.48,89.75,84.75,86.33,1245
2024-02-03 03:35:00,86.33,87.42,83.62,84.03,4859
2024-02-03 03:40:00,84.03,85.43,82.49,83.74,4439
2024-02-03 03:45:00,83.74,85.06,81.11,83.81,1802
2024-02-03 03:50:00,83.81,85.98,81.27,85.25,3395
2024-02-03 03:55:00,85.25,88.22,83.17,87.25,4072
2024-02-03 04:00:00,87.25,89.46,85.48,88.18,3966
2024-02-03 04:05:00,88.18,89.34,86.49,88.44,3059
2024-02-03 04:10:00,88.44,90.06,87.26,89.81,3237
2024-02-03 04:15:00,89.81,91.44,88.52,90.15,1828
2024-02-03 04:20:00,90.15,92.16,88.47,91.91,3442
2024-02-03 04:25:00,91.91,94.19,89.88,91.72,4210
2024-02-03 04:30:00,91.72,93.62,89.75,90.85,2572
2024-02-03 04:35:00,90.85,91.91,89.23,89.87,3942
2024-02-03 04:40:00,89.87,91.05,87.35,90.70,3910
2024-02-03 04:45:00,90.70,92.58,88.97,90.55,1739
2024-02-03 04:50:00,90.55,91.61,87.74,89.95,1074
2024-02-03 04:55:00,89.95,91.56,88.94,89.79,1555
2024-02-03 05:00:00,89.79,92.42,87.72,90.28,2894
2024-02-03 05:05:00,90.28,91.89,87.62,88.77,3449
2024-02-03 05:10:00,88.77,90.78,87.70,88.27,1615
2024-02-03 05:15:00,88.27,90.42,86.80,87.39,3263
2024-02-03 05:20:00,87.39,88.62,85.34,88.61,4539
2024-02-03 05:25:00,88.61,91.14,86.51,88.39,2668
2024-02-03 05:30:00,88.39,89.67,86.77,88.39,2333
2024-02-03 05:35:00,88.39,90.59,86.56,88.78,2598
2024-02-03 05:40:00,88.78,91.24,86.91,91.01,2814
2024-02-03 05:45:00,91.01,92.81,88.56,91.28,3946
2024-02-03 05:50:00,91.28,93.07,89.53,90.84,1968
2024-02-03 05:55:00,90.84,92.52,88.85,92.02,4496
2024-02-03 06:00:00,92.02,94.31,89.36,93.26,4391
2024-02-03 06:05:00,93.26,96.02,90.87,93.20,2889
2024-02-03 06:10:00,93.20,95.62,92.11,93.58,3564
2024-02-03 06:15:00,93.58,95.57,90.73,93.93,3574
2024-02-03 06:20:00,93.93,96.91,91.64,92.86,4019
2024-02-03 06:25:00,92.86,94.39,90.57,91.81,3577
2024-02-03 06:30:00,91.81,94.61,90.59,91.22,2614
2024-02-03 06:35:00,91.22,94.13,89.65,93.41,1455
2024-02-03 06:40:00,93.41,94.42,91.17,91.56,4526
2024-02-03 06:45:00,91.56,94.23,90.34,91.38,1604
2024-02-03 06:50:00,91.38,93.22,89.35,91.91,3929
2024-02-03 06:55:00,91.91,94.46,90.32,91.07,4070
2024-02-03 07:00:00,91.07,93.80,89.59,90.22,2014
2024-02-03 07:05:00,90.22,92.33,87.48,91.91,3100
2024-02-03 07:10:00,91.91,93.17,89.51,92.34,1121
2024-02-03 07:15:00,92.34,93.76,90.16,90.60,2083
2024-02-03 07:20:00,90.60,93.15,88.67,92.09,4627
2024-02-03 07:25:00,92.09,94.10,90.89,92.83,1747
2024-02-03 07:30:00,92.83,94.03,90.47,91.61,1748
2024-02-03 07:35:00,91.61,94.52,88.73,92.97,2468
2024-02-03 07:40:00,92.97,94.79,91.48,93.86,1137
2024-02-03 07:45:00,93.86,95.90,92.85,94.80,3000
2024-02-03 07:50:00,94.80,95.88,93.14,95.59,1876
2024-02-03 07:55:00,95.59,97.24,94.22,95.58,4880
2024-02-03 08:00:00,95.58,97.68,93.09,96.51,2220
2024-02-03 08:05:00,96.51,98.95,94.64,98.92,2439
2024-02-03 08:10:00,98.92,101.81,96.02,96.87,3802
2024-02-03 08:15:00,96.87,99.65,95.63,99.13,4293
2024-02-03 08:20:00,99.13,100.57,97.04,100.08,2727
2024-02-03 08:25:00,100.08,101.71,97.25,98.40,1430
2024-02-03 08:30:00,98.40,100.39,96.39,98.55,1040
2024-02-03 08:35:00,98.55,101.52,97.38,99.12,4092
2024-02-03 08:40:00,99.12,100.56,97.14,100.07,1744
2024-02-03 08:45:00,100.07,101.11,97.88,99.83,3596
2024-02-03 08:50:00,99.83,101.33,97.75,99.65,1049
2024-02-03 08:55:00,99.65,100.96,97.62,97.75,3804
2024-02-03 09:00:00,97.75,98.88,96.46,98.18,4010
2024-02-03 09:05:00,98.18,99.64,95.45,95.48,1547
2024-02-03 09:10:00,95.48,97.96,93.81,95.60,4570
2024-02-03 09:15:00,95.60,97.53,93.93,96.96,4720
2024-02-03 09:20:00,96.96,98.20,94.45,95.14,4891
2024-02-03 09:25:00,95.14,96.66,92.81,95.50,3415
2024-02-03 09:30:00,95.50,98.34,92.64,95.12,2209
2024-02-03 09:35:00,95.12,96.31,93.24,95.21,3969
2024-02-03 09:40:00,95.21,97.28,93.59,96.06,1654
2024-02-03 09:45:00,96.06,97.11,94.06,95.37,2115
2024-02-03 09:50:00,95.37,96.81,92.89,92.92,4478
2024-02-03 09:55:00,92.92,95.05,90.09,90.43,1293
2024-02-03 10:00:00,90.43,93.36,88.23,91.77,2991
2024-02-03 10:05:00,91.77,93.36,89.46,92.85,3652
2024-02-03 10:10:00,92.85,95.10,91.10,93.94,2871
2024-02-03 10:15:00,93.94,96.16,91.36,93.52,2158
2024-02-03 10:20:00,93.52,94.90,92.33,94.81,3557
2024-02-03 10:25:00,94.81,97.20,93.31,93.51,4191
2024-02-03 10:30:00,93.51,95.03,91.62,94.71,1928
2024-02-03 10:35:00,94.71,97.14,93.17,97.04,2489
2024-02-03 10:40:00,97.04,99.05,94.66,98.29,3479
2024-02-03 10:45:00,98.29,99.55,97.12,99.48,1735
2024-02-03 10:50:00,99.48,100.94,98.03,99.33,1103
2024-02-03 10:55:00,99.33,102.02,97.69,98.26,4064
2024-02-03 11:00:00,98.26,100.57,97.21,97.45,3234
2024-02-03 11:05:00,97.45,100.32,94.72,95.32,3080
2024-02-03 11:10:00,95.32,96.83,92.82,96.37,2674
2024-02-03 11:15:00,96.37,97.90,94.78,95.41,2126
2024-02-03 11:20:00,95.41,97.56,94.34,94.86,1310
2024-02-03 11:25:00,94.86,96.41,92.81,93.49,1065
2024-02-03 11:30:00,93.49,95.59,91.36,91.95,1215
2024-02-03 11:35:00,91.95,94.58,89.25,91.83,4263
2024-02-03 11:40:00,91.83,94.59,90.35,92.02,4039
2024-02-03 11:45:00,92.02,94.80,90.80,92.49,2150
2024-02-03 11:50:00,92.49,94.56,91.19,92.75,3335
2024-02-03 11:55:00,92.75,95.43,91.19,91.55,3558
2024-02-03 12:00:00,91.55,93.90,90.48,91.87,2864
2024-02-03 12:05:00,91.87,93.22,89.49,92.95,1781
2024-02-03 12:10:00,92.95,95.63,91.12,91.28,3368
2024-02-03 12:15:00,91.28,94.27,88.83,92.72,4824
2024-02-03 12:20:00,92.72,94.61,91.14,92.68,1527
2024-02-03 12:25:00,92.68,95.65,90.78,90.83,3980
2024-02-03 12:30:00,90.83,93.25,88.09,90.18,3921
2024-02-03 12:35:00,90.18,91.87,87.55,91.79,1218
2024-02-03 12:40:00,91.79,94.09,90.20,93.80,1452
2024-02-03 12:45:00,93.80,96.61,92.11,94.34,2429
2024-02-03 12:50:00,94.34,95.69,92.52,94.35,4742
2024-02-03 12:55:00,94.35,97.27,93.07,96.91,1063
2024-02-03 13:00:00,96.91,98.81,95.09,95.28,4476
2024-02-03 13:05:00,95.28,96.72,93.02,95.15,1609
2024-02-03 13:10:00,95.15,96.38,94.11,94.13,2670
2024-02-03 13:15:00,94.13,95.70,92.95,94.84,4226
2024-02-03 13:20:00,94.84,97.13,92.61,93.03,1667
2024-02-03 13:25:00,93.03,94.16,91.60,92.21,3771
2024-02-03 13:30:00,92.21,94.14,89.37,91.23,1924
2024-02-03 13:35:00,91.23,92.46,89.64,90.92,4621
2024-02-03 13:40:00,90.92,93.71,88.05,89.79,4164
2024-02-03 13:45:00,89.79,92.26,87.61,90.77,3857
2024-02-03 13:50:00,90.77,92.85,89.43,92.82,1759
2024-02-03 13:55:00,92.82,95.06,91.68,94.76,1845
2024-02-03 14:00:00,94.76,96.31,92.93,94.37,4734
2024-02-03 14:05:00,94.37,97.15,92.80,95.84,3604
2024-02-03 14:10:00,95.84,98.81,94.61,98.02,4764
2024-02-03 14:15:00,98.02,99.97,95.43,98.18,1996
2024-02-03 14:20:00,98.18,100.21,96.17,99.19,3178
2024-02-03 14:25:00,99.19,101.38,96.29,99.06,2441
2024-02-03 14:30:00,99.06,101.84,97.58,98.07,1322
2024-02-03 14:35:00,98.07,100.83,96.68,99.53,2251
2024-02-03 14:40:00,99.53,100.97,98.22,98.42,2001
2024-02-03 14:45:00,98.42,100.33,97.30,97.53,3352
2024-02-03 14:50:00,97.53,100.14,95.73,99.27,4960
2024-02-03 14:55:00,99.27,102.09,96.74,98.57,3859
2024-02-03 15:00:00,98.57,101.53,96.91,100.19,1042
2024-02-03 15:05:00,100.19,101.84,98.21,98.46,4330
2024-02-03 15:10:00,98.46,101.37,97.16,98.02,1302
2024-02-03 15:15:00,98.02,100.92,96.28,97.31,4998
2024-02-03 15:20:00,97.31,98.53,95.02,96.99,4626
2024-02-03 15:25:00,96.99,99.17,95.32,95.46,3498
2024-02-03 15:30:00,95.46,98.07,94.24,97.54,4570
2024-02-03 15:35:00,97.54,99.83,96.01,98.46,4491
2024-02-03 15:40:00,98.46,100.46,97.01,97.02,2556
2024-02-03 15:45:00,97.02,98.33,95.34,96.25,1680
2024-02-03 15:50:00,96.25,99.24,94.57,98.25,4182
2024-02-03 15:55:00,98.25,99.85,97.04,97.09,1822
2024-02-03 16:00:00,97.09,98.57,94.99,97.32,2458
2024-02-03 16:05:00,97.32,99.71,95.60,98.78,4593
2024-02-03 16:10:00,98.78,100.71,96.36,96.79,3970
2024-02-03 16:15:00,96.79,99.61,94.73,99.02,4355
2024-02-03 16:20:00,99.02,101.45,96.87,100.49,1341
2024-02-03 16:25:00,100.49,103.32,99.22,100.25,3427
2024-02-03 16:30:00,100.25,101.64,99.20,99.77,3157
2024-02-03 16:35:00,99.77,100.81,98.56,98.81,3219
2024-02-03 16:40:00,98.81,100.73,96.85,99.46,4235
2024-02-03 16:45:00,99.46,101.62,96.62,99.42,1973
2024-02-03 16:50:00,99.42,101.44,97.44,97.86,2135
2024-02-03 16:55:00,97.86,99.42,95.49,98.55,3870
2024-02-03 17:00:00,98.55,99.73,97.43,99.47,2784
2024-02-03 17:05:00,99.47,102.40,96.65,100.22,1888
2024-02-03 17:10:00,100.22,102.63,97.50,101.28,3462
2024-02-03 17:15:00,101.28,102.37,99.89,101.99,2122
2024-02-03 17:20:00,101.99,103.32,99.20,101.12,1671
2024-02-03 17:25:00,101.12,103.19,99.89,102.79,3782
2024-02-03 17:30:00,102.79,104.18,100.89,103.47,1874
2024-02-03 17:35:00,103.47,105.36,102.10,102.44,3588
2024-02-03 17:40:00,102.44,103.59,99.91,101.60,2072
2024-02-03 17:45:00,101.60,103.67,99.58,101.63,3252
2024-02-03 17:50:00,101.63,103.88,100.58,100.61,3284
2024-02-03 17:55:00,100.61,103.27,98.13,103.11,1289
2024-02-03 18:00:00,103.11,104.92,101.40,104.12,4156
2024-02-03 18:05:00,104.12,105.97,102.92,104.69,3907
2024-02-03 18:10:00,104.69,107.21,102.90,106.54,3905
2024-02-03 18:15:00,106.54,108.52,104.22,107.87,3010
2024-02-03 18:20:00,107.87,109.86,105.14,109.39,3529
2024-02-03 18:25:00,109.39,111.35,107.97,108.55,3573
2024-02-03 18:30:00,108.55,111.36,106.02,106.69,2304
2024-02-03 18:35:00,106.69,109.48,104.33,108.50,2516
2024-02-03 18:40:00,108.50,109.92,107.12,107.18,2420
2024-02-03 18:45:00,107.18,108.90,105.55,107.19,2248
2024-02-03 18:50:00,107.19,109.21,105.21,108.91,3663
2024-02-03 18:55:00,108.91,111.47,106.89,110.62,3374
2024-02-03 19:00:00,110.62,111.88,108.55,108.61,1427
2024-02-03 19:05:00,108.61,110.57,107.49,110.53,2762
2024-02-03 19:10:00,110.53,112.29,109.40,112.15,4777
2024-02-03 19:15:00,112.15,114.47,110.29,111.82,4029
2024-02-03 19:20:00,111.82,114.09,110.74,114.03,2114
2024-02-03 19:25:00,114.03,115.19,111.23,112.45,3411
2024-02-03 19:30:00,112.45,113.69,109.84,113.54,3817
2024-02-03 19:35:00,113.54,115.83,111.33,111.48,2496
2024-02-03 19:40:00,111.48,113.87,110.13,110.29,3291
2024-02-03 19:45:00,110.29,112.74,108.18,109.28,1543
2024-02-03 19:50:00,109.28,111.48,106.84,108.01,3206
2024-02-03 19:55:00,108.01,109.03,105.73,108.04,3545
2024-02-03 20:00:00,108.04,110.36,105.37,110.08,3717
2024-02-03 20:05:00,110.08,111.33,107.94,110.69,3536
2024-02-03 20:10:00,110.69,112.13,108.10,110.64,1078
2024-02-03 20:15:00,110.64,112.06,108.89,110.97,4590
2024-02-03 20:20:00,110.97,113.39,109.34,110.39,3711
2024-02-03 20:25:00,110.39,111.76,109.05,109.98,2494
2024-02-03 20:30:00,109.98,111.70,108.31,108.50,4974
2024-02-03 20:35:00,108.50,110.76,105.50,109.82,1973
2024-02-03 20:40:00,109.82,112.65,108.61,111.65,4265
2024-02-03 20:45:00,111.65,113.10,109.57,111.32,3378
2024-02-03 20:50:00,111.32,114.30,109.46,110.21,1330
2024-02-03 20:55:00,110.21,112.13,107.23,109.08,3720
2024-02-03 21:00:00,109.08,110.49,106.99,110.19,3113
2024-02-03 21:05:00,110.19,111.89,108.48,108.70,1347
2024-02-03 21:10:00,108.70,109.91,106.94,107.19,4541
2024-02-03 21:15:00,107.19,109.10,106.18,106.94,3943
2024-02-03 21:20:00,106.94,109.59,105.18,108.28,2440
2024-02-03 21:25:00,108.28,109.87,106.14,106.93,1302
2024-02-03 21:30:00,106.93,109.67,105.45,105.56,2902
2024-02-03 21:35:00,105.56,107.31,103.32,107.13,1419
2024-02-03 21:40:00,107.13,108.43,105.94,106.80,4572
2024-02-03 21:45:00,106.80,107.96,105.26,107.04,4209
2024-02-03 21:50:00,107.04,109.21,105.44,105.46,4235
2024-02-03 21:55:00,105.46,108.34,102.49,104.27,1399
2024-02-03 22:00:00,104.27,106.71,101.52,102.93,3201
2024-02-03 22:05:00,102.93,104.04,101.12,103.00,3614
2024-02-03 22:10:00,103.00,104.71,101.70,101.75,2901
2024-02-03 22:15:00,101.75,103.98,99.66,102.14,1444
2024-02-03 22:20:00,102.14,104.41,99.81,100.25,3044
2024-02-03 22:25:00,100.25,102.43,98.51,99.63,4402
2024-02-03 22:30:00,99.63,102.34,96.76,97.70,1305
2024-02-03 22:35:00,97.70,99.55,96.62,98.53,2027
2024-02-03 22:40:00,98.53,99.60,96.59,97.04,2123
2024-02-03 22:45:00,97.04,98.58,94.74,95.31,2947
2024-02-03 22:50:00,95.31,97.45,93.42,95.81,1304
2024-02-03 22:55:00,95.81,97.03,93.27,96.45,1431
2024-02-03 23:00:00,96.45,99.11,94.36,98.11,3664
2024-02-03 23:05:00,98.11,99.43,95.59,96.59,3343
2024-02-03 23:10:00,96.59,98.38,94.00,96.53,4616
2024-02-03 23:15:00,96.53,99.25,94.90,97.93,4646
2024-02-03 23:20:00,97.93,99.21,96.53,96.87,2756
2024-02-03 23:25:00,96.87,97.88,93.96,94.29,3551
2024-02-03 23:30:00,94.29,96.80,92.55,95.05,3006
2024-02-03 23:35:00,95.05,97.61,93.73,97.37,4174
2024-02-03 23:40:00,97.37,99.84,94.61,96.18,4673
2024-02-03 23:45:00,96.18,97.67,94.58,97.12,1955
2024-02-03 23:50:00,97.12,99.81,95.75,99.31,3588
2024-02-03 23:55:00,99.31,101.19,97.27,100.59,4585
2024-02-04 00:00:00,100.59,102.72,98.94,100.12,3497
2024-02-04 00:05:00,100.12,102.98,98.16,99.85,1402
2024-02-04 00:10:00,99.85,102.33,98.37,98.75,2189
2024-02-04 00:15:00,98.75,99.89,96.99,99.59,2216
2024-02-04 00:20:00,99.59,101.58,97.33,99.85,4563
2024-02-04 00:25:00,99.85,102.19,97.98,102.05,1065
2024-02-04 00:30:00,102.05,104.55,99.34,102.82,3493
2024-02-04 00:35:00,102.82,104.77,101.63,102.86,4244
2024-02-04 00:40:00,102.86,104.00,100.94,103.46,4067
2024-02-04 00:45:00,103.46,105.73,101.89,102.06,4756
2024-02-04 00:50:00,102.06,104.37,100.87,104.30,1360
2024-02-04 00:55:00,104.30,105.85,102.96,105.64,1624
2024-02-04 01:00:00,105.64,108.27,103.71,107.16,3139
2024-02-04 01:05:00,107.16,108.44,104.92,107.47,2968
2024-02-04 01:10:00,107.47,109.29,106.16,107.63,2092
2024-02-04 01:15:00,107.63,109.25,106.25,106.95,3462
2024-02-04 01:20:00,106.95,108.10,105.25,105.27,4632
2024-02-04 01:25:00,105.27,107.53,103.10,104.70,2876
2024-02-04 01:30:00,104.70,106.54,102.92,106.33,1694
2024-02-04 01:35:00,106.33,108.04,105.20,107.51,3714
2024-02-04 01:40:00,107.51,109.93,105.86,106.59,3747
2024-02-04 01:45:00,106.59,108.96,104.82,106.80,3988
2024-02-04 01:50:00,106.80,109.17,105.26,106.61,4861
2024-02-04 01:55:00,106.61,107.94,104.42,107.79,1328
2024-02-04 02:00:00,107.79,110.43,105.90,106.96,4149
2024-02-04 02:05:00,106.96,109.56,104.93,107.32,3264
2024-02-04 02:10:00,107.32,109.58,106.01,107.49,3370
2024-02-04 02:15:00,107.49,108.49,106.07,106.58,3987
2024-02-04 02:20:00,106.58,108.01,104.87,105.32,2855
2024-02-04 02:25:00,105.32,107.92,102.67,105.00,3920
2024-02-04 02:30:00,105.00,106.04,103.15,104.17,1968
2024-02-04 02:35:00,104.17,106.53,102.10,102.25,2151
2024-02-04 02:40:00,102.25,104.29,99.29,103.63,2899
2024-02-04 02:45:00,103.63,105.37,102.46,103.26,3926
2024-02-04 02:50:00,103.26,104.99,102.20,104.74,4382
2024-02-04 02:55:00,104.74,107.20,103.27,105.43,4656
2024-02-04 03:00:00,105.43,106.43,103.79,104.53,2773
2024-02-04 03:05:00,104.53,107.22,102.18,102.27,1112
2024-02-04 03:10:00,102.27,104.72,99.54,102.67,2318
2024-02-04 03:15:00,102.67,104.27,100.60,103.54,2119
2024-02-04 03:20:00,103.54,105.90,102.28,105.08,2299
2024-02-04 03:25:00,105.08,107.02,102.43,106.59,3815
2024-02-04 03:30:00,106.59,108.77,103.67,103.91,4440
2024-02-04 03:35:00,103.91,106.02,101.40,102.33,1822
2024-02-04 03:40:00,102.33,104.14,99.54,100.61,3653
2024-02-04 03:45:00,100.61,102.51,97.93,101.10,2483
2024-02-04 03:50:00,101.10,102.27,98.27,98.67,2488
2024-02-04 03:55:00,98.67,101.65,97.49,98.67,3983
2024-02-04 04:00:00,98.67,100.35,95.72,98.10,4700
2024-02-04 04:05:00,98.10,99.29,97.00,97.43,3220
2024-02-04 04:10:00,97.43,99.79,96.30,98.90,1910
2024-02-04 04:15:00,98.90,100.77,96.10,97.11,4825
2024-02-04 04:20:00,97.11,99.85,95.79,99.58,3763
2024-02-04 04:25:00,99.58,101.06,97.75,98.41,3375
2024-02-04 04:30:00,98.41,99.55,96.72,98.16,1151
2024-02-04 04:35:00,98.16,99.73,97.12,98.46,3411
2024-02-04 04:40:00,98.46,99.89,96.23,96.72,4306
2024-02-04 04:45:00,96.72,99.05,94.78,97.12,1952
2024-02-04 04:50:00,97.12,99.86,95.39,97.38,4344
2024-02-04 04:55:00,97.38,98.41,95.25,98.25,3528
2024-02-04 05:00:00,98.25,100.74,95.97,97.64,2606
2024-02-04 05:05:00,97.64,98.80,95.17,98.21,1299
2024-02-04 05:10:00,98.21,99.37,95.62,96.35,2844
2024-02-04 05:15:00,96.35,98.24,93.73,98.09,3883
2024-02-04 05:20:00,98.09,99.33,95.15,98.30,4520
2024-02-04 05:25:00,98.30,100.81,95.81,96.78,3158
2024-02-04 05:30:00,96.78,99.76,95.02,98.18,1899
2024-02-04 05:35:00,98.18,100.23,95.94,98.91,1966
2024-02-04 05:40:00,98.91,101.44,96.17,96.30,4522
2024-02-04 05:45:00,96.30,98.58,93.90,98.55,1426
2024-02-04 05:50:00,98.55,100.43,97.52,99.21,1597
2024-02-04 05:55:00,99.21,100.79,96.42,100.62,1423
2024-02-04 06:00:00,100.62,102.58,99.39,99.94,4643
2024-02-04 06:05:00,99.94,101.97,98.00,101.89,2877
2024-02-04 06:10:00,101.89,104.62,100.42,104.60,4050
2024-02-04 06:15:00,104.60,106.41,101.64,101.73,4753
2024-02-04 06:20:00,101.73,103.43,100.38,101.60,2112
2024-02-04 06:25:00,101.60,103.54,100.24,101.98,3118
2024-02-04 06:30:00,101.98,104.57,99.14,100.43,1052
2024-02-04 06:35:00,100.43,102.83,98.77,99.58,2177
2024-02-04 06:40:00,99.58,101.04,96.67,96.76,3749
2024-02-04 06:45:00,96.76,98.35,95.33,96.33,3857
2024-02-04 06:50:00,96.33,98.41,94.47,96.07,4709
2024-02-04 06:55:00,96.07,97.24,93.61,93.70,3165
2024-02-04 07:00:00,93.70,94.84,91.46,94.63,4535
2024-02-04 07:05:00,94.63,97.30,93.13,93.27,1644
2024-02-04 07:10:00,93.27,94.77,92.18,94.68,2237
2024-02-04 07:15:00,94.68,96.51,92.49,93.51,1184
2024-02-04 07:20:00,93.51,95.03,91.10,94.65,2452
2024-02-04 07:25:00,94.65,97.33,91.75,94.22,4986
2024-02-04 07:30:00,94.22,97.15,93.10,95.23,4865
2024-02-04 07:35:00,95.23,96.74,92.46,96.57,2677
2024-02-04 07:40:00,96.57,97.90,95.03,96.86,3402
2024-02-04 07:45:00,96.86,98.07,95.83,96.84,1916
2024-02-04 07:50:00,96.84,99.07,93.96,96.75,1886
2024-02-04 07:55:00,96.75,98.78,95.55,96.02,2694
2024-02-04 08:00:00,96.02,98.60,94.53,95.02,2083
2024-02-04 08:05:00,95.02,96.29,92.70,93.69,2473
2024-02-04 08:10:00,93.69,95.59,90.87,92.64,2689
2024-02-04 08:15:00,92.64,94.95,89.88,90.88,4690
2024-02-04 08:20:00,90.88,92.09,89.82,90.34,4604
2024-02-04 08:25:00,90.34,91.94,88.19,91.89,2986
2024-02-04 08:30:00,91.89,93.82,89.41,90.61,4113
2024-02-04 08:35:00,90.61,92.01,88.96,90.03,2584
2024-02-04 08:40:00,90.03,92.50,87.73,91.88,4527
2024-02-04 08:45:00,91.88,93.74,88.90,89.17,1777
2024-02-04 08:50:00,89.17,91.19,87.79,90.12,3963
2024-02-04 08:55:00,90.12,91.63,88.28,90.16,3721
2024-02-04 09:00:00,90.16,92.53,87.50,87.60,1651
2024-02-04 09:05:00,87.60,88.92,86.42,87.53,2138
2024-02-04 09:10:00,87.53,89.08,85.13,87.96,3156
2024-02-04 09:15:00,87.96,89.01,86.11,86.98,4434
2024-02-04 09:20:00,86.98,88.93,84.22,86.71,2270
2024-02-04 09:25:00,86.71,88.69,84.59,85.51,1063
2024-02-04 09:30:00,85.51,88.10,84.48,86.02,1345
2024-02-04 09:35:00,86.02,87.75,83.57,83.63,2410
2024-02-04 09:40:00,83.63,86.60,82.44,84.63,4126
2024-02-04 09:45:00,84.63,87.52,82.74,87.15,4858
2024-02-04 09:50:00,87.15,89.03,84.97,88.75,1037
2024-02-04 09:55:00,88.75,91.53,86.30,90.03,2798
2024-02-04 10:00:00,90.03,91.18,87.63,88.45,3847
2024-02-04 10:05:00,88.45,90.57,86.28,89.35,3192
2024-02-04 10:10:00,89.35,91.76,86.50,91.26,2579
2024-02-04 10:15:00,91.26,93.04,88.95,90.37,3238
2024-02-04 10:20:00,90.37,93.18,88.93,89.17,1328
2024-02-04 10:25:00,89.17,90.53,87.11,87.55,1795
2024-02-04 10:30:00,87.55,88.72,84.65,86.26,2932
2024-02-04 10:35:00,86.26,87.40,83.28,86.46,3064
2024-02-04 10:40:00,86.46,87.98,85.26,85.52,3038
2024-02-04 10:45:00,85.52,88.33,83.63,87.46,1785
2024-02-04 10:50:00,87.46,89.60,86.16,88.31,2934
2024-02-04 10:55:00,88.31,90.74,85.40,89.45,3535
2024-02-04 11:00:00,89.45,92.24,87.34,88.84,4809
2024-02-04 11:05:00,88.84,90.38,85.92,87.20,3919
2024-02-04 11:10:00,87.20,88.69,85.56,86.04,2655
2024-02-04 11:15:00,86.04,87.50,84.89,85.96,2003
2024-02-04 11:20:00,85.96,87.52,83.40,86.18,4008
2024-02-04 11:25:00,86.18,87.38,84.93,86.96,1546
2024-02-04 11:30:00,86.96,89.64,85.59,86.11,1198
2024-02-04 11:35:00,86.11,88.40,83.42,84.61,2411
2024-02-04 11:40:00,84.61,87.39,82.27,82.43,2659
2024-02-04 11:45:00,82.43,83.94,81.36,82.45,1664
2024-02-04 11:50:00,82.45,84.39,81.28,81.81,4811
2024-02-04 11:55:00,81.81,84.35,79.87,83.28,2309
2024-02-04 12:00:00,83.28,84.67,81.74,82.34,2321
2024-02-04 12:05:00,82.34,84.91,80.33,83.47,3250
2024-02-04 12:10:00,83.47,86.07,81.45,84.95,1429
2024-02-04 12:15:00,84.95,86.30,83.69,83.70,3678
2024-02-04 12:20:00,83.70,86.34,81.33,82.30,2515
2024-02-04 12:25:00,82.30,83.58,79.73,83.26,3086
2024-02-04 12:30:00,83.26,85.47,81.11,82.60,2327
2024-02-04 12:35:00,82.60,85.54,80.45,85.08,4440
2024-02-04 12:40:00,85.08,87.53,82.22,83.22,1366
2024-02-04 12:45:00,83.22,86.00,80.95,83.45,1206
2024-02-04 12:50:00,83.45,85.63,82.31,83.19,2233
2024-02-04 12:55:00,83.19,85.54,81.05,83.98,3584
2024-02-04 13:00:00,83.98,85.85,82.97,84.73,3081
2024-02-04 13:05:00,84.73,87.35,82.95,83.98,1122
2024-02-04 13:10:00,83.98,85.93,81.25,81.80,1884
2024-02-04 13:15:00,81.80,84.07,79.29,83.86,2705
2024-02-04 13:20:00,83.86,86.69,80.96,81.33,4977
2024-02-04 13:25:00,81.33,83.16,78.66,78.84,2660
2024-02-04 13:30:00,78.84,81.33,77.24,78.19,1519
2024-02-04 13:35:00,78.19,80.44,76.71,80.16,4466
2024-02-04 13:40:00,80.16,82.74,77.59,80.34,3782
2024-02-04 13:45:00,80.34,81.48,79.30,80.31,4777
2024-02-04 13:50:00,80.31,82.21,77.32,81.70,2492
2024-02-04 13:55:00,81.70,84.65,78.85,79.39,3110
2024-02-04 14:00:00,79.39,81.77,77.18,78.51,3759
2024-02-04 14:05:00,78.51,80.22,76.71,80.21,4039
2024-02-04 14:10:00,80.21,82.88,78.35,80.65,3725
2024-02-04 14:15:00,80.65,82.04,78.94,80.95,1521
2024-02-04 14:20:00,80.95,82.38,78.96,79.57,2338
2024-02-04 14:25:00,79.57,81.48,77.99,78.93,1544
2024-02-04 14:30:00,78.93,79.96,77.76,77.97,3915
2024-02-04 14:35:00,77.97,80.79,75.42,75.49,2293
2024-02-04 14:40:00,75.49,77.58,73.53,75.63,3402
2024-02-04 14:45:00,75.63,77.78,74.45,77.18,3427
2024-02-04 14:50:00,77.18,80.04,75.50,77.56,2744
2024-02-04 14:55:00,77.56,80.11,75.40,79.88,4487
2024-02-04 15:00:00,79.88,82.38,78.81,81.38,2023
2024-02-04 15:05:00,81.38,84.17,78.49,79.35,2603
2024-02-04 15:10:00,79.35,80.81,78.08,79.66,2087
2024-02-04 15:15:00,79.66,80.78,78.11,80.42,4881
2024-02-04 15:20:00,80.42,82.12,78.21,79.86,3672
2024-02-04 15:25:00,79.86,81.44,77.63,79.09,1806
2024-02-04 15:30:00,79.09,80.75,77.96,80.05,1072
2024-02-04 15:35:00,80.05,82.55,78.84,80.16,3116
2024-02-04 15:40:00,80.16,81.88,77.88,81.35,3262
2024-02-04 15:45:00,81.35,83.29,79.97,82.00,4976
2024-02-04 15:50:00,82.00,83.80,80.35,83.39,1694
2024-02-04 15:55:00,83.39,85.38,81.32,81.40,4684
2024-02-04 16:00:00,81.40,83.77,80.34,83.61,1929
2024-02-04 16:05:00,83.61,84.79,80.97,81.16,1702
2024-02-04 16:10:00,81.16,82.56,78.45,81.97,3762
2024-02-04 16:15:00,81.97,83.13,79.59,82.71,1525
2024-02-04 16:20:00,82.71,84.20,81.52,84.15,4504
2024-02-04 16:25:00,84.15,86.88,82.83,85.01,3393
2024-02-04 16:30:00,85.01,87.79,83.65,84.71,3989
2024-02-04 16:35:00,84.71,86.88,83.32,83.64,4349
2024-02-04 16:40:00,83.64,85.38,82.07,85.32,1383
2024-02-04 16:45:00,85.32,87.63,83.73,85.03,4575
2024-02-04 16:50:00,85.03,86.74,83.57,84.14,3115
2024-02-04 16:55:00,84.14,86.82,82.83,85.69,3817
2024-02-04 17:00:00,85.69,87.75,83.82,84.57,2822
2024-02-04 17:05:00,84.57,86.77,81.57,86.42,3954
2024-02-04 17:10:00,86.42,88.41,83.77,84.56,4224
2024-02-04 17:15:00,84.56,86.88,81.62,85.01,2201
2024-02-04 17:20:00,85.01,86.33,82.08,86.29,2445
2024-02-04 17:25:00,86.29,87.56,85.13,85.68,1024
2024-02-04 17:30:00,85.68,87.28,83.42,86.71,3778
2024-02-04 17:35:00,86.71,89.09,85.01,88.83,2784
2024-02-04 17:40:00,88.83,90.95,85.86,89.67,2552
2024-02-04 17:45:00,89.67,92.37,87.34,87.44,2097
2024-02-04 17:50:00,87.44,90.11,85.72,88.09,4757
2024-02-04 17:55:00,88.09,89.67,85.82,88.47,1982
2024-02-04 18:00:00,88.47,90.54,85.99,88.50,1823
2024-02-04 18:05:00,88.50,90.93,85.78,89.54,3750
2024-02-04 18:10:00,89.54,92.04,87.88,89.94,3977
2024-02-04 18:15:00,89.94,92.32,87.13,89.85,2079
2024-02-04 18:20:00,89.85,91.00,87.47,88.20,2005
2024-02-04 18:25:00,88.20,90.17,86.72,89.89,2828
2024-02-04 18:30:00,89.89,92.09,88.56,89.88,3998
2024-02-04 18:35:00,89.88,91.52,87.36,87.66,4757
2024-02-04 18:40:00,87.66,90.08,85.32,86.43,1383
2024-02-04 18:45:00,86.43,87.71,83.79,84.20,2217
2024-02-04 18:50:00,84.20,86.96,81.32,81.70,1971
2024-02-04 18:55:00,81.70,82.86,78.97,80.81,1170
2024-02-04 19:00:00,80.81,83.27,78.74,81.79,4765
2024-02-04 19:05:00,81.79,83.80,79.04,79.52,2315
2024-02-04 19:10:00,79.52,81.44,77.22,80.59,4167
2024-02-04 19:15:00,80.59,83.44,79.38,80.80,1175
2024-02-04 19:20:00,80.80,82.06,78.04,79.47,1846
2024-02-04 19:25:00,79.47,80.63,77.81,79.17,3244
2024-02-04 19:30:00,79.17,80.38,76.39,76.85,3110
2024-02-04 19:35:00,76.85,77.95,75.40,76.54,2299
2024-02-04 19:40:00,76.54,79.39,75.42,77.93,3773
2024-02-04 19:45:00,77.93,80.50,76.24,77.42,4386
2024-02-04 19:50:00,77.42,79.46,74.96,79.10,3203
2024-02-04 19:55:00,79.10,81.57,77.74,81.37,3469
2024-02-04 20:00:00,81.37,84.30,80.27,82.62,1441
2024-02-04 20:05:00,82.62,85.19,80.84,84.68,1750
2024-02-04 20:10:00,84.68,87.17,83.16,85.35,2756
2024-02-04 20:15:00,85.35,86.44,82.71,85.48,3294
2024-02-04 20:20:00,85.48,87.62,84.40,86.93,3078
2024-02-04 20:25:00,86.93,89.40,84.92,85.79,4573
2024-02-04 20:30:00,85.79,87.78,82.99,85.30,3188
2024-02-04 20:35:00,85.30,86.64,82.63,85.41,3002
2024-02-04 20:40:00,85.41,88.01,82.91,85.91,1400
2024-02-04 20:45:00,85.91,88.73,84.88,85.56,3029